{
    "crea_parametri": [
        {
            "posizione_touch": 0.20000000298023225,
            "touch_sparo_differenza": 0.0,
            "colore_cilindro": {
                "r": 0.6834999918937683,
                "g": 0.9334999918937683,
                "b": 0.4530999958515167,
                "a": 1.0
            },
            "colore_sfondo": {
                "r": 0.42179998755455019,
                "g": 0.6913999915122986,
                "b": 0.9257000088691711,
                "a": 1.0
            },
            "colore_blocco_1": {
                "r": 0.0,
                "g": 0.0,
                "b": 0.0,
                "a": 0.0
            },
            "colore_blocco_2": {
                "r": 0.0,
                "g": 0.0,
                "b": 0.0,
                "a": 0.0
            },
            "colore_blocco_3": {
                "r": 0.0,
                "g": 0.0,
                "b": 0.0,
                "a": 0.0
            }
        }
    ]
}